摇车儿里的爷爷，拄拐棍儿的孙子,搖車兒裡的爺爺，拄拐棍兒的孫子
大白日里借不出个干灯盏来,大白日裡借不出個乾燈盞來
大缸里翻油，沿路拾芝麻,大缸裡翻油，沿路拾芝麻
水里水里来，火里火里去,水裡水裡來，火裡火裡去
晚娘的拳头，云里的日头,晚娘的拳頭，雲裡的日頭
一块羊肉落在狗口里,一塊羊肉落在狗口裡
不知葫芦里卖甚么药,不知葫蘆裡賣甚麼藥
丑媳妇总得要见公婆,醜媳婦總得要見公婆
火里火去，水里水去,火裡火去，水裡水去
吃着碗里，看着锅里,吃著碗裡，看著鍋裡
肐膊折了往袖子里藏,肐膊折了往袖子裡藏
钟在寺里，声在外边,鐘在寺裡，聲在外邊
羊群里跑出骆驼来,羊群裡跑出駱駝來
肐膊只折在袖子里,肐膊只折在袖子裡
河里淹死是会水的,河裡淹死是會水的
狗口里吐不出象牙,狗口裡吐不出象牙
狗嘴里吐不出象牙,狗嘴裡吐不出象牙
虾蟆跳在戥盘子里,蝦蟆跳在戥盤子裡
唐胖子吊在醋缸里,唐胖子吊在醋缸裡
葫芦里卖的甚么药,葫蘆裡賣的甚麼藥
卖炭的掉在面缸里,賣炭的掉在麵缸裡
一个锅里吃饭的,一個鍋裡吃飯的
一块石头掉井里,一塊石頭掉井裡
八千里路云和月,八千里路雲和月
大象口里拔生牙,大象口裡拔生牙
马蹄刀瓢里切菜,馬蹄刀瓢裡切菜
奶妈怀里的孩子,奶媽懷裡的孩子
羊肉落在狗嘴里,羊肉落在狗嘴裡
老鸹窝里出凤凰,老鴰窩裡出鳳凰
耳朵里冒出脚来,耳朵裡冒出腳來
冷灰里爆出火来,冷灰裡爆出火來
放之四海而皆准,放之四海而皆準
河里孩儿岸上娘,河裡孩兒岸上娘
狗嘴里还有象牙,狗嘴裡還有象牙
挑得篮里便是菜,挑得籃裡便是菜
哪里摔倒哪里爬,哪裡摔倒哪裡爬
眼泪往肚子里流,眼淚往肚子裡流
袖里来，袖里去,袖裡來，袖裡去
黑云压城城欲摧,黑雲壓城城欲摧
墙里开花墙外香,牆裡開花牆外香
羹里不着饭里着,羹裡不著飯裡著
枪杆子里出政权,槍桿子裡出政權
汤里来，水里去,湯裡來，水裡去
绵中刺，笑里刀,綿中刺，笑裡刀
鲁般手里调大斧,魯般手裡調大斧
三月里的桃花,三月裡的桃花
大虫口里倒涎,大蟲口裡倒涎
云端里看厮杀,雲端裡看廝殺
公门里好修行,公門裡好修行
公墓里放鞭炮,公墓裡放鞭炮
东净里的砖儿,東淨裡的磚兒
外明不知里暗,外明不知裡暗
头巾吊在水里,頭巾弔在水裡
龙无云而不行,龍無雲而不行
丢入爪哇国里,丟入爪哇國裡
吊桶落在井里,吊桶落在井裡
老虎嘴里拔牙,老虎嘴裡拔牙
屁股里吃人参,屁股裡吃人參
肚儿里有勾当,肚兒裡有勾當
表壮不如里壮,表壯不如裡壯
缸里的酱萝卜,缸裡的醬蘿蔔
茅厕里的石头,茅廁裡的石頭
笋里不知茆里,筍裡不知茆裡
通俗常言疏证,通俗常言疏證
棉花店里歇工,棉花店裡歇工
羹里来饭里去,羹裡來飯裡去
瘫子掉在井里,癱子掉在井裡
粪坑里的石头,糞坑裡的石頭
粪缸里掷骰子,糞缸裡擲骰子
鸡蛋里挑骨头,雞蛋裡挑骨頭
鸦窝里出凤凰,鴉窩裡出鳳凰
儿不嫌母丑,兒不嫌母醜
大海里捞针,大海裡撈針
门缝里看人,門縫裡看人
丑人多作怪,醜人多作怪
云端里老鼠,雲端裡老鼠
云麾将军碑,雲麾將軍碑
巴尔干山脉,巴爾幹山脈
巴尔干半岛,巴爾幹半島
毛司里砖儿,毛司裡磚兒
毛厕里砖儿,毛廁裡磚兒
冷锅里爆豆,冷鍋裡爆豆
没地里巡检,沒地裡巡檢
肚子里点灯,肚子裡點燈
阴沟里翻船,陰溝裡翻船
刺头泥里陷,刺頭泥裡陷
庙里的猪头,廟裡的豬頭
松了一口气,鬆了一口氣
准噶尔盆地,準噶爾盆地
疾行无善迹,疾行無善跡
唯物辩证法,唯物辯證法
被窝里放屁,被窩裡放屁
棺材里伸手,棺材裡伸手
税捐稽征处,稅捐稽徵處
窨子里秋月,窨子裡秋月
燕云十六州,燕雲十六州
糖堆里养的,糖堆裡養的
饭店里买葱,飯店裡買蔥
一发千钧,一髮千鈞
一争两丑,一爭兩醜
九霄云外,九霄雲外
三师七证,三師七證
三征七辟,三徵七辟
三媒六证,三媒六證
千钧一发,千鈞一髮
土里土气,土裡土氣
大古里彩,大古裡彩
小里小气,小裡小氣
干巴疵咧,乾巴疵咧
干父之蛊,幹父之蠱
干的停当,幹的停當
广雅疏证,廣雅疏證
才能干济,才能幹濟
门里出身,門裡出身
门里安心,門裡安心
不干不净,不乾不淨
不干性油,不乾性油
丑女效颦,醜女效顰
丑头怪脸,醜頭怪臉
丑声四溢,醜聲四溢
丑声远播,醜聲遠播
云山雾罩,雲山霧罩
云屯雨集,雲屯雨集
云开见日,雲開見日
云仙杂记,雲仙雜記
云出无心,雲出無心
云龙风虎,雲龍風虎
云兴霞蔚,雲興霞蔚
云合雾集,雲合霧集
云收雨散,雲收雨散
云收雾散,雲收霧散
云行雨施,雲行雨施
云形定规,雲形定規
云南白药,雲南白藥
云南回变,雲南回變
云南起义,雲南起義
云南黄馨,雲南黃馨
云消雨散,雲消雨散
云消雾散,雲消霧散
云笈七签,雲笈七籤
云起龙骧,雲起龍驤
云情雨意,雲情雨意
云梦大泽,雲夢大澤
云淡风轻,雲淡風輕
云程发轫,雲程發軔
云蒸霞蔚,雲蒸霞蔚
云麾勋章,雲麾勛章
云翻雨覆,雲翻雨覆
云谲波诡,雲譎波詭
云贵高原,雲貴高原
云阶月地,雲階月地
匹马只轮,匹馬隻輪
天干物燥,天乾物燥
尤云殢雨,尤雲殢雨
开云见日,開雲見日
心长发短,心長髮短
心细如发,心細如髮
文身断发,文身斷髮
斗酒只鸡,斗酒隻雞
无征不信,無徵不信
无迹可寻,無跡可尋
月地云阶,月地雲階
月里嫦娥,月裡嫦娥
毛里拖毡,毛裡拖氈
水光云影,水光雲影
水里纳瓜,水裡納瓜
水逝云卷,水逝雲卷
火里火发,火裡火發
片云遮顶,片雲遮頂
片言只语,片言隻語
车尘马迹,車塵馬跡
车辙马迹,車轍馬跡
风兴云蒸,風興雲蒸
风里杨花,風裡楊花
风卷残云,風捲殘雲
风虎云龙,風虎雲龍
风起云布,風起雲布
风起云涌,風起雲湧
风起云蒸,風起雲蒸
风靡云涌,風靡雲湧
风靡云蒸,風靡雲蒸
风举云摇,風舉雲搖
风轻云净,風輕雲淨
风轻云淡,風輕雲淡
出乖弄丑,出乖弄醜
出乖露丑,出乖露醜
发上冲冠,髮上衝冠
发上指冠,髮上指冠
发引千钧,髮引千鈞
发光可鉴,髮光可鑑
发指眦裂,髮指眥裂
发短心长,髮短心長
发踊冲冠,髮踊衝冠
古里古怪,古裡古怪
只手单拳,隻手單拳
只手空拳,隻手空拳
只手遮天,隻手遮天
只手擎天,隻手擎天
只言词组,隻言片語
只轮不反,隻輪不反
只眼独具,隻眼獨具
只影全无,隻影全無
只鸡絮酒,隻雞絮酒
外合里差,外合裡差
外合里应,外合裡應
平面描迹,平面描跡
归里包堆,歸裡包堆
归真证果,歸真證果
打里打外,打裡打外
打里照外,打裡照外
永志不忘,永誌不忘
生命征象,生命徵象
皮里走肉,皮裡走肉
皮里阳秋,皮裡陽秋
皮里抽肉,皮裡抽肉
皮里春秋,皮裡春秋
皮里晋书,皮裡晉書
皮里膜外,皮裡膜外
鸟里鸟气,鳥裡鳥氣
兴云布雨,興雲布雨
兴云吐雾,興雲吐霧
兴云作雨,興雲作雨
兴云作雾,興雲作霧
兴云致雨,興雲致雨
冲冠发怒,衝冠髮怒
吃里扒外,吃裡扒外
吃里爬外,吃裡爬外
地丑德齐,地醜德齊
字里行间,字裡行間
当场只手,當場隻手
忙里偷闲,忙裡偷閒
曲里拐弯,曲裡拐彎
有证为凭,有證為憑
朱云折槛,朱雲折檻
死无对证,死無對證
死里求生,死裡求生
死里逃生,死裡逃生
江云渭树,江雲渭樹
百里挑一,百裡挑一
百拙千丑,百拙千醜
耳朵里响,耳朵裡響
自由心证,自由心證
别具只眼,別具隻眼
匣里龙吟,匣裡龍吟
吞云吐雾,吞雲吐霧
呆里撒奸,呆裡撒奸
声迹彰露,聲跡彰露
妖里妖气,妖裡妖氣
形只影单,形隻影單
形单影只,形單影隻
形孤影只,形孤影隻
彻里彻外,徹裡徹外
志之不忘,誌之不忘
扶同硬证,扶同硬證
杞宋无征,杞宋無徵
来踪去迹,來蹤去跡
步月登云,步月登雲
沙里淘金,沙裡淘金
没干没净,沒乾沒淨
没里没外,沒裡沒外
过眼烟云,過眼煙雲
里勾外连,裡勾外連
里出外进,裡出外進
里通外国,裡通外國
里应外合,裡應外合
间不容发,間不容髮
龟文鸟迹,龜文鳥跡
兔迹狐踪,兔跡狐蹤
单夫只妇,單夫隻婦
变迹埋名,變跡埋名
奇踪异迹,奇蹤異跡
孤形只影,孤形隻影
孤身只影,孤身隻影
宝里宝气,寶裡寶氣
底脚里人,底腳裡人
弢迹匿光,弢跡匿光
征风召雨,徵風召雨
征名责实,徵名責實
怪里怪气,怪裡怪氣
披榛采兰,披榛採蘭
松一口气,鬆一口氣
波涌云乱,波涌雲亂
波诡云谲,波詭雲譎
波谲云诡,波譎雲詭
泯然无迹,泯然無跡
秃妃之发,禿妃之髮
花里胡哨,花裡胡哨
采生折割,採生折割
雨散云收,雨散雲收
雨魄云魂,雨魄雲魂
雨约云期,雨約雲期
青山一发,青山一髮
齿危发秀,齒危髮秀
齿落发白,齒落髮白
信而有征,信而有徵
怒发冲冠,怒髮衝冠
星罗云布,星羅雲布
春树暮云,春樹暮雲
洪炉燎发,洪爐燎髮
流里流气,流裡流氣
独具只眼,獨具隻眼
瓮里酰鸡,甕裡醯雞
畏影恶迹,畏影惡跡
穿云裂石,穿雲裂石
胡里胡涂,胡裡胡塗
胡里胡涂,糊裡糊塗
乘鹤驾云,乘鶴駕雲
家长里短,家長裡短
拿云捉月,拿雲捉月
拿云握雾,拿雲握霧
旁征博引,旁徵博引
海立云垂,海立雲垂
涛生云灭,濤生雲滅
烘云托月,烘雲托月
烟云过眼,煙雲過眼
烟云供养,煙雲供養
烟岚云岫,煙嵐雲岫
笑里藏刀,笑裡藏刀
追踪蹑迹,追蹤躡跡
配水干管,配水幹管
酒食征逐,酒食徵逐
釜里之鱼,釜裡之魚
铁云藏龟,鐵雲藏龜
骨里骨碌,骨裡骨碌
高步云衢,高步雲衢
高唱入云,高唱入雲
密迹金刚,密跡金剛
推干净儿,推乾淨兒
推情准理,推情準理
断雨残云,斷雨殘雲
梦里蝴蝶,夢裡蝴蝶
略迹原心,略跡原心
略迹原情,略跡原情
野鹤闲云,野鶴閒雲
雪里送炭,雪裡送炭
唾面自干,唾面自乾
就日瞻云,就日瞻雲
属毛离里,屬毛離裡
握云拿雾,握雲拿霧
握云携雨,握雲攜雨
握雨携云,握雨攜雲
握雾拿云,握霧拿雲
援古证今,援古證今
景从云合,景從雲合
晴云秋月,晴雲秋月
晴时多云,晴時多雲
腌里巴臜,腌裡巴臢
萍踪梗迹,萍蹤梗跡
蛛丝马迹,蛛絲馬跡
傻里傻气,傻裡傻氣
嫌好道丑,嫌好道醜
意里意思,意裡意思
慌里慌张,慌裡慌張
携云挈雨,攜雲挈雨
携云握雨,攜雲握雨
窟里拔蛇,窟裡拔蛇
董氏封发,董氏封髮
酰鸡瓮里,醯雞甕裡
嘀里嘟噜,嘀裡嘟嚕
摧坚获丑,摧堅獲醜
蒙在鼓里,蒙在鼓裡
蜜里调油,蜜裡調油
鼻子里笑,鼻子裡笑
影只形单,影隻形單
撩云拨雨,撩雲撥雨
暮云亲舍,暮雲親舍
暮云春树,暮雲春樹
暴敛横征,暴斂橫徵
殢云尤雨,殢雲尤雨
殢雨尤云,殢雨尤雲
潜身远迹,潛身遠跡
潜踪隐迹,潛蹤隱跡
遯迹山林,遯跡山林
螽斯之征,螽斯之徵
翻云覆雨,翻雲覆雨
翻手为云,翻手為雲
覆雨翻云,覆雨翻雲
鞭辟入里,鞭辟入裡
鞭辟近里,鞭辟近裡
懵里懵懂,懵裡懵懂
邋里邋遢,邋裡邋遢
丝恩发怨,絲恩髮怨
喷云吐雾,噴雲吐霧
喷云嗳雾,噴雲噯霧
壶里乾坤,壺裡乾坤
寻踪觅迹,尋蹤覓跡
带发修行,帶髮修行
恶直丑正,惡直醜正
拨云见日,撥雲見日
拨云睹日,撥雲睹日
拨云撩雨,撥雲撩雨
拨雨撩云,撥雨撩雲
浓云密布,濃雲密布
积里渐里,積裡漸裡
窝里发炮,窩裡發炮
紧溜子里,緊溜子裡
细不容发,細不容髮
绿衣黄里,綠衣黃裡
词组只辞,片語隻辭
话里有话,話裡有話
话里套话,話裡套話
话里藏阄,話裡藏鬮
说雨谈云,說雨談雲
谬采虚声,謬採虛聲
镂月裁云,鏤月裁雲
镜里孤鸾,鏡裡孤鸞
闲云孤鹤,閒雲孤鶴
闲云野鹤,閒雲野鶴
闷着头干,悶著頭幹
隐迹埋名,隱跡埋名
隐迹藏名,隱跡藏名
雾里看花,霧裡看花
雾锁云埋,霧鎖雲埋
韬光隐迹,韜光隱跡
颟里颟顸,顢裡顢頇
颠干倒坤,顛乾倒坤
骈肩累迹,駢肩累跡
鳌里夺尊,鰲裡奪尊
一地里,一地裡
一百只,一百隻
一递里,一遞裡
入山证,入山證
入境证,入境證
山里红,山裡紅
工作证,工作證
干什么,幹什麼
干巴巴,乾巴巴
干白儿,乾白兒
干剥剥,乾剝剝
干得了,幹得了
干得来,幹得來
干营生,幹營生
干证人,干證人
门里人,門裡人
门里大,門裡大
不当准,不當準
不作准,不作準
丑八怪,醜八怪
丑丫头,醜丫頭
丑小鸭,醜小鴨
丑巴怪,醜巴怪
丑剌剌,醜剌剌
云片糕,雲片糕
云台山,雲臺山
云南省,雲南省
云梦县,雲夢縣
云莽莽,雲莽莽
云遮月,雲遮月
双程证,雙程證
文征明,文徵明
火里赤,火裡赤
火烧云,火燒雲
王云五,王雲五
风里语,風裡語
加签证,加簽證
半空里,半空裡
台胞证,臺胞證
头朝里,頭朝裡
打簧表,打簧錶
电子表,電子錶
疋先里,疋先裡
石英表,石英錶
龙眼干,龍眼乾
关云长,關雲長
地里鬼,地裡鬼
尽可能,盡可能
肉里钱,肉裡錢
乱松松,亂鬆鬆
冷地里,冷地裡
没乱里,沒亂裡
没梢干,沒梢幹
肚皮里,肚皮裡
豆腐干,豆腐乾
身分证,身分證
身份证,身份證
里 子,裡 子
里怀里,裡懷裡
里脊肉,裡脊肉
里牵绵,裡牽綿
间深里,間深裡
卷积云,卷積雲
夜光云,夜光雲
夜光表,夜光錶
学生证,學生證
居留证,居留證
延地里,延地裡
服务证,服務證
松蛋包,鬆蛋包
松紧带,鬆緊帶
油里滑,油裡滑
波发藻,波髮藻
秃秃里,禿禿裡
补给证,補給證
这么干,這麼幹
采树种,採樹種
采樵人,採樵人
急松松,急鬆鬆
星历表,星曆錶
柳诒征,柳詒徵
省可里,省可裡
背地里,背地裡
胎里坏,胎裡壞
胎里毒,胎裡毒
胎里素,胎裡素
胎里富,胎裡富
苑里镇,苑裡鎮
觔斗云,觔斗雲
借书证,借書證
冥子里,冥子裡
准分子,準分子
准平原,準平原
准考证,准考證
准谱儿,準譜兒
准货币,準貨幣
凌云笔,淩雲筆
原子云,原子雲
海迹湖,海跡湖
骨子里,骨子裡
高积云,高積雲
猛可里,猛可裡
猛地里,猛地裡
躯干骨,軀幹骨
通行证,通行證
雪里蕻,雪裡蕻
植物志,植物誌
渡头云,渡頭雲
登机证,登機證
筋斗云,筋斗雲
紫云乡,紫雲鄉
暖云兜,暖雲兜
腰里硬,腰裡硬
葡萄干,葡萄乾
酩子里,酩子裡
翠云裘,翠雲裘
蒙松雨,濛鬆雨
瞑子里,瞑子裡
蕈状云,蕈狀雲
层积云,層積雲
牵一发,牽一髮
积雨云,積雨雲
窝里反,窩裡反
窝里炮,窩裡炮
窝里翻,窩裡翻
紧关里,緊關裡
绵里针,綿裡針
萝卜干,蘿蔔乾
许可证,許可證
证所税,證所稅
证明书,證明書
证管会,證管會
识别证,識別證
转速表,轉速錶
遥地里,遙地裡
闵子里,閔子裡
一只,一隻
一准,一準
七只,七隻
九只,九隻
二只,二隻
人迹,人跡
人证,人證
八只,八隻
三只,三隻
三准,三準
下里,下裡
个里,個裡
大丑,大醜
小丑,小醜
干么,幹麼
干才,幹才
干云,干雲
干办,幹辦
干巴,乾巴
干头,幹頭
干吏,幹吏
干当,幹當
干事,幹事
干净,乾淨
干杯,乾杯
干活,幹活
干流,幹流
干济,幹濟
干家,幹家
干将,幹將
干柴,乾柴
干缺,幹缺
干罢,乾罷
干脆,乾脆
干掉,幹掉
干略,幹略
干蛊,幹蠱
干部,幹部
干渠,幹渠
干菜,乾菜
干道,幹道
干嘛,幹嘛
干劲,幹勁
干员,幹員
干线,幹線
干练,幹練
干证,干證
干谯,幹譙
广里,廣裡
才干,才幹
飞云,飛雲
不干,不幹
不采,不採
不准,不準
丑化,醜化
丑末,醜末
丑生,醜生
丑名,醜名
丑地,醜地
丑夷,醜夷
丑行,醜行
丑事,醜事
丑咤,醜吒
丑类,醜類
丑陋,醜陋
丑剧,醜劇
丑妇,醜婦
丑态,醜態
丑恶,醜惡
丑虏,醜虜
丑诋,醜詆
丑话,醜話
丑语,醜語
丑闻,醜聞
中云,中雲
中证,中證
云子,雲子
云门,雲門
云中,雲中
云冈,雲岡
云天,雲天
云手,雲手
云气,雲氣
云水,雲水
云车,雲車
云头,雲頭
云母,雲母
云汉,雲漢
云石,雲石
云华,雲華
云师,雲師
云朵,雲朵
云吞,雲吞
云扰,雲擾
云杉,雲杉
云步,雲步
云谷,雲谷
云豆,雲豆
云阳,雲陽
云实,雲實
云岭,雲嶺
云帚,雲帚
云房,雲房
云板,雲板
云林,雲林
云泥,雲泥
云版,雲版
云物,雲物
云肩,雲肩
云芝,雲芝
云际,雲際
云雨,雲雨
云屏,雲屏
云英,雲英
云峰,雲峰
云根,雲根
云海,雲海
云涛,雲濤
云烟,雲煙
云彩,雲彩
云梯,雲梯
云液,雲液
云章,雲章
云雀,雲雀
云散,雲散
云游,雲游
云游,雲遊
云量,雲量
云集,雲集
云路,雲路
云端,雲端
云精,雲精
云腿,雲腿
云霄,雲霄
云篦,雲篦
云霓,雲霓
云髻,雲髻
云翳,雲翳
云霞,雲霞
云鬟,雲鬟
云孙,雲孫
云层,雲層
云栈,雲棧
云锣,雲鑼
云锦,雲錦
云雾,雲霧
云鬓,雲鬢
五只,五隻
井干,井幹
公干,公幹
公证,公證
六只,六隻
内存,記憶體
内里,內裡
分钟,分鐘
分证,分證
切云,切雲
勾干,勾幹
历史,歷史
历程,歷程
反证,反證
反馈,回饋
开征,開徵
开采,開採
引证,引證
心里,心裡
心迹,心跡
心证,心證
手松,手鬆
手表,手錶
手迹,手跡
日志,日誌
比迹,比跡
毛发,毛髮
水准,水準
火云,火雲
王迹,王跡
见证,見證
风干,風乾
风云,風雲
主干,主幹
出丑,出醜
发网,髮網
发乳,髮乳
发妻,髮妻
发姐,髮姐
发松,發鬆
发油,髮油
发肤,髮膚
发际,髮際
发型,髮型
发屋,髮屋
发指,髮指
发匪,髮匪
发胶,髮膠
发迹,發跡
发脚,髮腳
发廊,髮廊
发菜,髮菜
发禁,髮禁
发漂,髮漂
发蜡,髮蠟
发雕,髮雕
发髻,髮髻
发丝,髮絲
发夹,髮夾
发带,髮帶
发癣,髮癬
发笺,髮箋
发纱,髮紗
发辫,髮辮
发钗,髮釵
发饰,髮飾
发鬓,髮鬢
古迹,古跡
只日,隻日
只立,隻立
只字,隻字
只身,隻身
史迹,史跡
叶迹,葉跡
号志,號誌
四只,四隻
夯干,夯幹
头发,頭髮
头里,頭裡
对准,對準
对证,對證
左证,左證
平准,平準
必须,必須
打干,打幹
未干,未乾
玄云,玄雲
生发,生髮
甩发,甩髮
白干,白乾
白云,白雲
白发,白髮
皮松,皮鬆
示例,範例
丢丑,丟醜
休征,休徵
关系,關係
冲动,衝動
冲突,衝突
劣迹,劣跡
华发,華髮
印证,印證
合准,合準
回复,回復
地志,地誌
好象,好像
如云,如雲
字迹,字跡
存证,存證
安迹,安跡
尽力,盡力
尽管,儘管
并迹,並跡
庆云,慶雲
托迹,託跡
执证,執證
有征,有徵
朵云,朵雲
杂志,雜誌
汗迹,汗跡
纤云,纖雲
网志,網誌
老干,老乾
考征,考徵
考证,考證
肉松,肉鬆
血迹,血跡
行云,行雲
行迹,行跡
两只,兩隻
作证,作證
听证,聽證
吹云,吹雲
坏证,壞證
弄松,弄鬆
形迹,形跡
彤云,彤雲
志庆,誌慶
志哀,誌哀
志悼,誌悼
志喜,誌喜
怀表,懷錶
抓周,抓週
投迹,投跡
折证,折證
材干,材幹
束发,束髮
求证,求證
没干,沒幹
没准,沒準
秀发,秀髮
肚里,肚裡
豆干,豆乾
足迹,足跡
迈迹,邁跡
里子,裡子
里外,裡外
里头,裡頭
里白,裡白
里衣,裡衣
里边,裡邊
里言,裡言
里间,裡間
里实,裡實
里屋,裡屋
里急,裡急
里面,裡面
里海,裡海
里虚,裡虛
里廉,裡廉
里踢,裡踢
阴云,陰雲
事迹,事跡
例证,例證
净发,淨髮
凭准,憑準
凭证,憑證
制作,製作
制造,製造
单干,單幹
卧云,臥雲
卷云,卷雲
卷发,卷髮
变征,變徵
周日,週日
周刊,週刊
周末,週末
周会,週會
周回,週迴
周岁,週歲
周年,週年
周考,週考
周报,週報
周旋,週旋
周期,週期
周遭,週遭
周薪,週薪
周记,週記
周转,週轉
咎征,咎徵
固征,固徵
夜里,夜裡
奇迹,奇跡
孤云,孤雲
孤证,孤證
定准,定準
宝志,寶誌
实干,實幹
实行,採行
实证,實證
岳云,岳雲
底里,底裡
府干,府幹
征士,徵士
征才,徵才
征友,徵友
征引,徵引
征文,徵文
征发,徵發
征召,徵召
征用,徵用
征兆,徵兆
征收,徵收
征兵,徵兵
征启,徵啟
征求,徵求
征状,徵狀
征招,徵招
征询,徵詢
征信,徵信
征候,徵候
征选,徵選
征婚,徵婚
征庸,徵庸
征逐,徵逐
征税,徵稅
征答,徵答
征象,徵象
征集,徵集
征募,徵募
征聘,徵聘
征辟,徵辟
征稿,徵稿
征调,徵調
征购,徵購
性征,性徵
总发,總髮
房里,房裡
披云,披雲
披发,披髮
抿发,抿髮
拔迹,拔跡
放松,放鬆
明证,明證
松口,鬆口
松开,鬆開
松手,鬆手
松气,鬆氣
松动,鬆動
松弛,鬆弛
松快,鬆快
松脆,鬆脆
松脱,鬆脫
松通,鬆通
松散,鬆散
松懈,鬆懈
松劲,鬆勁
松宽,鬆寬
松绑,鬆綁
松软,鬆軟
枝干,枝幹
治迹,治跡
法云,法雲
泪干,淚乾
泯迹,泯跡
物证,物證
盲干,盲幹
秃发,禿髮
经历,經歷
补证,補證
表里,表裡
表壳,錶殼
表征,表徵
表带,錶帶
表证,表證
表针,錶針
表链,錶鏈
这里,這裡
采办,採辦
采风,採風
采用,採用
采石,採石
采光,採光
采收,採收
采取,採取
采录,採錄
采油,採油
采花,採花
采芹,採芹
采补,採補
采拾,採拾
采种,採種
采珠,採珠
采茶,採茶
采选,採選
采掘,採掘
采猎,採獵
采药,採藥
采集,採集
采摘,採摘
采摭,採摭
采薇,採薇
采买,採買
采择,採擇
采撷,採擷
采矿,採礦
采纳,採納
采莲,採蓮
采访,採訪
采证,採證
采购,採購
金发,金髮
青云,青雲
鱼松,魚鬆
齿发,齒髮
亮丑,亮醜
保证,保證
剃发,剃髮
削发,削髮
削迹,削跡
前冲,前衝
垂发,垂髮
复制,複製
封里,封裡
屋里,屋裡
屏迹,屏跡
战云,戰雲
拏云,拏雲
括发,括髮
挂表,掛錶
指证,指證
星云,星雲
染发,染髮
查证,查證
树干,樹幹
洗发,洗髮
流云,流雲
流征,流徵
相信,採信
眉里,眉裡
看准,看準
禹迹,禹跡
秋发,秋髮
美丑,美醜
美发,美髮
胎发,胎髮
胜迹,勝跡
胡子,鬍子
苦干,苦幹
要证,要證
郁闷,鬱悶
钟表,鐘錶
音准,音準
乘云,乘雲
倛丑,倛醜
借口,藉口
党证,黨證
准儿,準兒
准式,準式
准时,準時
准备,準備
准拟,準擬
准的,準的
准保,準保
准星,準星
准点,準點
准据,準據
准确,準確
准则,準則
准线,準線
准绳,準繩
准话,準話
凌云,凌雲
卿云,卿雲
家丑,家醜
家伙,傢伙
家里,家裡
徐干,徐幹
捉发,捉髮
旁证,旁證
朔云,朔雲
校准,校準
浪迹,浪跡
浮云,浮雲
浮松,浮鬆
特征,特徵
病征,病徵
真迹,真跡
眠云,眠雲
破表,破錶
祝发,祝髮
笔迹,筆跡
素发,素髮
能干,能幹
迷男,謎男
迷语,謎語
迹地,跡地
迹捕,跡捕
迹象,跡象
逆证,逆證
铁证,鐵證
骨干,骨幹
高干,高幹
假发,假髮
停云,停雲
停征,停徵
剪发,剪髮
匿迹,匿跡
基准,基準
寄迹,寄跡
密云,密雲
寇准,寇準
彩云,彩雲
戛云,戛雲
断发,斷髮
晞发,晞髮
晦迹,晦跡
望云,望雲
梢云,梢雲
梦云,夢雲
梨云,梨雲
欲望,慾望
毫发,毫髮
淋证,淋證
混迹,混跡
球证,球證
理发,理髮
疏松,疏鬆
疏证,疏證
痕迹,痕跡
盗采,盜採
眼里,眼裡
着迹,著跡
祥云,祥雲
脚迹,腳跡
脱发,脫髮
船只,船隻
被发,被髮
躯干,軀幹
逋发,逋髮
银发,銀髮
黄发,黃髮
寒证,寒證
就里,就裡
强干,強幹
握发,握髮
揪采,揪採
揭丑,揭醜
景云,景雲
晾干,晾乾
朝云,朝雲
游戏,遊戲
焙干,焙乾
皓发,皓髮
矞云,矞雲
短发,短髮
硬干,硬幹
硬件,硬體
硬盘,硬碟
确证,確證
稀松,稀鬆
联系,聯繫
蛮干,蠻幹
象征,象徵
隆准,隆準
黑发,黑髮
黑里,黑裡
想象,想像
愁云,愁雲
慈云,慈雲
搜证,蒐證
暗里,暗裡
照证,照證
献丑,獻醜
瑞云,瑞雲
瑞征,瑞徵
碑志,碑誌
稠云,稠雲
罪证,罪證
群丑,群醜
腹里,腹裡
落发,落髮
蜂准,蜂準
解发,解髮
路志,路誌
遁迹,遁跡
遏云,遏雲
遐迹,遐跡
雷云,雷雲
髡发,髡髮
墓志,墓誌
截发,截髮
疑云,疑雲
瞄准,瞄準
碧云,碧雲
福证,福證
算发,算髮
管干,管幹
精松,精鬆
精准,精準
蒜发,蒜髮
蓄发,蓄髮
鼻准,鼻準
墨迹,墨跡
影迹,影跡
稽征,稽徵
蓬发,蓬髮
蓬松,蓬鬆
踪迹,蹤跡
遮丑,遮醜
壁志,壁誌
懈松,懈鬆
樵采,樵採
激光,雷射
燎发,燎髮
糕干,糕乾
辨证,辨證
雕云,雕雲
戴发,戴髮
擢发,擢髮
濡迹,濡跡
薄干,薄幹
薄云,薄雲
薙发,薙髮
髼松,髼鬆
翻松,翻鬆
謷丑,謷醜
鬅松,鬅鬆
鬈发,鬈髮
魏征,魏徵
攀云,攀雲
鬒发,鬒髮
丝发,絲髮
举证,舉證
乌云,烏雲
乌发,烏髮
书迹,書跡
伪证,偽證
宽松,寬鬆
层云,層雲
带征,帶徵
应征,應徵
恶心,噁心
拧干,擰乾
捞干,撈乾
敛迹,斂跡
标志,標誌
标准,標準
栉发,櫛髮
桢干,楨幹
沦迹,淪跡
灭迹,滅跡
烫发,燙髮
爱幕,愛慕
秽迹,穢跡
穷发,窮髮
签证,簽證
红云,紅雲
纳征,納徵
结发,結髮
绝迹,絕跡
绾发,綰髮
绿云,綠雲
绿发,綠髮
缓征,緩徵
编发,編髮
脑干,腦幹
腻云,膩雲
腾云,騰雲
舰只,艦隻
荧光,螢光
营干,營幹
衬里,襯裡
袭迹,襲跡
观采,觀採
认准,認準
认证,認證
论证,論證
证人,證人
证引,證引
证见,證見
证左,證左
证交,證交
证件,證件
证言,證言
证券,證券
证实,證實
证明,證明
证果,證果
证物,證物
证候,證候
证婚,證婚
证据,證據
证章,證章
证照,證照
证道,證道
证书,證書
证论,證論
证词,證詞
证验,證驗
词干,詞幹
诠证,詮證
课征,課徵
谈征,談徵
谋干,謀幹
质证,質證
贵干,貴幹
贵征,貴徵
赃证,贓證
赵云,趙雲
趱干,趲幹
轨迹,軌跡
软件,軟體
轻松,輕鬆
较证,較證
辙迹,轍跡
辩证,辯證
辫发,辮髮
连云,連雲
遗迹,遺跡
钗云,釵雲
闷表,悶錶
阵云,陣雲
陆云,陸雲
陈迹,陳跡
韩干,韓幹
顺证,順證
须发,鬚髮
额征,額徵
饼干,餅乾
验证,驗證
鬓云,鬢雲
鬓发,鬢髮
鹄发,鵠髮
鹅准,鵝準
鹤发,鶴髮
乃,廼
儿,兒
几,幾
卜,蔔
厂,廠
讠,訁
万,萬
个,個
么,麼
义,義
于,於
亏,虧
亿,億
尸,屍
干,幹
幺,么
广,廣
犭,犬
纟,糸
门,門
飞,飛
马,馬
与,與
丑,醜
丬,爿
丰,豐
云,雲
仅,僅
仆,僕
从,從
内,內
冈,岡
凤,鳳
劝,勸
办,辦
匀,勻
区,區
历,曆
历,歷
双,雙
币,幣
开,開
户,戶
扎,紮
斗,鬥
无,無
气,氣
艹,艸
见,見
贝,貝
车,車
韦,韋
风,風
业,業
东,東
仪,儀
册,冊
写,寫
冬,鼕
务,務
占,佔
厉,厲
发,發
叶,葉
号,號
叹,歎
叹,嘆
叽,嘰
圣,聖
处,處
头,頭
奶,嬭
宁,寧
对,對
尔,爾
巨,钜
布,佈
归,歸
扑,撲
旧,舊
札,劄
术,術
汉,漢
电,電
轧,軋
邓,鄧
长,長
鸟,鳥
龙,龍
丢,丟
乔,喬
争,爭
亘,亙
亚,亞
价,價
众,眾
优,優
伙,夥
会,會
伛,傴
关,關
兴,興
农,農
冱,沍
冲,沖
决,決
凼,氹
划,劃
刘,劉
动,動
华,華
协,協
压,壓
吁,籲
吊,弔
后,後
吓,嚇
吕,呂
团,團
壮,壯
夸,誇
奸,姦
妆,妝
尘,塵
尽,儘
尽,盡
岁,歲
巩,鞏
师,師
并,並
庄,莊
庆,慶
异,異
当,當
忏,懺
戏,戲
托,託
扣,釦
扦,扡
执,執
朴,樸
机,機
杀,殺
杂,雜
欢,歡
污,汙
灯,燈
玑,璣
礼,禮
纤,縴
纤,纖
网,網
虫,蟲
设,設
边,邊
页,頁
齐,齊
两,兩
乱,亂
佑,祐
体,體
余,餘
佛,彿
佣,傭
兑,兌
况,況
删,刪
刨,鉋
别,別
励,勵
劳,勞
医,醫
卤,鹵
却,卻
吣,唚
吨,噸
听,聽
启,啟
吴,吳
呆,獃
园,園
困,睏
囱,囪
址,阯
坂,阪
坏,壞
坑,阬
块,塊
坛,壇
坟,墳
声,聲
寿,壽
岗,崗
岙,嶴
岚,嵐
床,牀
庐,廬
弃,棄
彷,徬
彻,徹
志,誌
忧,憂
忾,愾
怀,懷
扰,擾
抚,撫
抛,拋
护,護
报,報
时,時
杆,桿
杠,槓
条,條
来,來
汹,洶
沟,溝
没,沒
沣,灃
沪,滬
灵,靈
灶,竈
灾,災
灿,燦
状,狀
犹,猶
矶,磯
纬,緯
纺,紡
艺,藝
虬,虯
谷,穀
达,達
迁,遷
过,過
迈,邁
里,裡
间,間
阳,陽
阴,陰
麦,麥
龟,龜
丽,麗
佩,珮
侄,姪
侠,俠
侣,侶
侨,僑
兖,兗
净,淨
凭,憑
刽,劊
势,勢
单,單
卧,臥
卷,捲
卺,巹
叁,三
参,參
变,變
周,週
咏,詠
咔,哢
国,國
壳,殼
备,備
奋,奮
姗,姍
学,學
宝,寶
实,實
屉,屜
届,屆
岭,嶺
岳,嶽
帘,簾
庙,廟
弥,彌
弦,絃
录,錄
征,徴
径,徑
怜,憐
总,總
抬,擡
抵,牴
担,擔
拐,枴
拟,擬
拥,擁
昆,崐
昙,曇
松,鬆
板,闆
极,極
构,構
枞,樅
枢,樞
枣,棗
欣,訢
欤,歟
欧,歐
殁,歿
殴,毆
沓,遝
沵,濔
沾,霑
泄,洩
泛,氾
泞,濘
泪,淚
炉,爐
炖,燉
牦,氂
狍,麅
狝,獮
环,環
画,畫
矾,礬
秃,禿
秆,稈
籴,糴
织,織
经,經
罗,羅
肤,膚
肴,餚
肷,膁
舍,捨
芜,蕪
芦,蘆
芸,蕓
苁,蓯
虮,蟣
虱,蝨
补,補
询,詢
轮,輪
运,運
还,還
这,這
远,遠
迟,遲
邮,郵
邹,鄒
邻,鄰
采,埰
际,際
隶,隸
鱼,魚
黾,黽
齿,齒
亲,親
俣,俁
俩,倆
兹,茲
厘,釐
叙,敘
咤,吒
咨,諮
咴,噅
咸,鹹
咽,嚥
哄,鬨
哌,呱
响,響
唛,嘜
垒,壘
垦,墾
垧,坰
垩,堊
垫,墊
垴,堖
复,複
姜,薑
娄,婁
孪,孿
宪,憲
宫,宮
峡,峽
峥,崢
峦,巒
弯,彎
彦,彥
恒,恆
恤,卹
恼,惱
战,戰
挂,掛
挟,挾
挡,擋
挣,掙
昵,暱
昼,晝
柜,櫃
柠,檸
栀,梔
栅,柵
树,樹
毡,氈
洁,潔
洒,灑
洼,窪
浃,浹
浅,淺
济,濟
炮,砲
点,點
炼,煉
炽,熾
独,獨
狭,狹
珉,瑉
珏,玨
珐,琺
瓮,甕
瓯,甌
砜,碸
秋,鞦
种,種
窃,竊
类,類
籼,秈
统,統
胆,膽
胜,勝
脉,脈
苘,檾
苹,蘋
范,範
茎,莖
荣,榮
虽,雖
虾,蝦
视,視
迤,迆
迩,邇
迭,疊
郁,鬱
郄,郤
钟,鐘
钢,鋼
陕,陝
俯,頫
党,黨
冢,塚
凄,淒
准,準
凉,涼
凌,淩
剥,剝
剧,劇
勐,猛
唠,嘮
唡,啢
唣,唕
娱,娛
宾,賓
将,將
席,蓆
帮,幫
恋,戀
恳,懇
悦,悅
挛,攣
挽,輓
捆,梱
敌,敵
斋,齋
晋,晉
晒,曬
晓,曉
栖,棲
栗,慄
样,樣
核,覈
栾,欒
桊,棬
桥,橋
残,殘
殷,慇
浚,濬
涂,凃
涂,塗
涌,湧
涛,濤
涤,滌
烛,燭
烟,煙
牺,犧
狸,貍
玺,璽
疱,皰
疴,屙
痈,癰
皋,臯
祢,禰
秘,祕
称,稱
笋,筍
笔,筆
罢,罷
耸,聳
耻,恥
胶,膠
艳,豔
苏,囌
茧,繭
荐,薦
虑,慮
蚕,蠶
蚝,蠔
衮,袞
袄,襖
赶,趕
迹,跡
迹,蹟
适,適
选,選
铁,鉄
铁,鐵
铃,鈴
险,險
隽,雋
难,難
骏,駿
偬,傯
偻,僂
减,減
凑,湊
勖,勗
厢,廂
唿,呼
啖,啗
埝,墊
埯,垵
够,夠
婳,嫿
婵,嬋
屡,屢
庵,菴
弹,彈
御,禦
惊,驚
惧,懼
惨,慘
惮,憚
戚,慼
据,據
捻,撚
掺,摻
断,斷
旋,鏇
梦,夢
欲,慾
淀,澱
淫,婬
渊,淵
渌,淥
渗,滲
焊,釬
猎,獵
猕,獼
琅,瑯
痒,癢
盖,蓋
盗,盜
盘,槃
盘,盤
眦,眥
眺,覜
着,著
睁,睜
硅,矽
离,離
秸,稭
稆,穭
窑,窯
粜,糶
粝,糲
脚,腳
脱,脫
腘,膕
莅,涖
莜,蓧
获,獲
莹,瑩
虚,虛
蛊,蠱
蛏,蟶
衅,釁
袜,襪
跃,躍
躯,軀
递,遞
铜,銅
银,銀
麻,蔴
黄,黃
剩,賸
厦,廈
厨,廚
喂,餵
堤,隄
奥,奧
媪,媼
属,屬
嵛,崳
幂,冪
强,強
惩,懲
愠,慍
揸,摣
棱,稜
棹,櫂
椁,槨
毵,毿
温,溫
游,遊
湾,灣
溆,漵
焰,燄
猪,豬
猫,貓
猬,蝟
琼,瓊
畲,佘
确,確
祷,禱
禄,祿
税,稅
筑,築
粤,粵
缆,纜
羡,羨
联,聯
脔,臠
腊,臘
腌,醃
舄,潟
荆,荊
荦,犖
药,藥
菱,蔆
蛮,蠻
装,裝
趋,趨
跖,蹠
逻,邏
剿,勦
厩,廄
叠,疊
嗬,呵
塬,原
寝,寢
嵴,脊
愈,瘉
愍,湣
搜,蒐
携,攜
摆,擺
摇,搖
数,數
暖,煖
棰,箠
楼,樓
毁,毀
氲,氳
溜,霤
溪,谿
滗,潷
滚,滾
滢,瀅
滦,灤
滨,濱
滩,灘
煅,煆
煳,糊
献,獻
痴,癡
痹,痺
碍,礙
碜,硶
禀,稟
筱,篠
筹,籌
粮,糧
腭,齶
腼,靦
腽,膃
葱,蔥
蜕,蛻
触,觸
输,輸
辞,辭
辟,闢
酬,酧
酰,醯
鉅,钜
锭,錠
随,隨
雏,雛
韵,韻
厮,廝
嘘,噓
墉,鄘
墙,牆
愿,願
戬,戩
旗,旂
榨,搾
槔,橰
殡,殯
漓,灕
漤,濫
煺,退
熏,燻
熘,溜
瑶,瑤
碱,堿
碹,镟
稳,穩
箓,籙
糁,糝
萤,螢
萦,縈
蒙,懞
蓑,簑
蜡,蠟
蜷,踡
蝇,蠅
踊,踴
酸,痠
銮,鑾
静,靜
凛,凜
嘱,囑
嘻,譆
幞,襆
慭,憖
撑,撐
橥,櫫
潆,瀠
潜,潛
潴,瀦
澄,澂
犟,強
璃,琍
箬,篛
糇,餱
聪,聰
蔑,衊
蝎,蠍
蝼,螻
褛,褸
踪,蹤
镇,鎮
霉,黴
噪,譟
噼,劈
廪,廩
憷,怵
橱,櫥
燕,讌
翱,翺
雕,彫
嬷,嬤
檐,簷
瞩,矚
磷,燐
篱,籬
膻,羶
蓥,鎣
襁,繈
蹑,躡
魉,魎
彝,彜
藁,槁
鬃,騣
嚯,謔
藤,籐
蹰,躕
鞴,韝
鼗,鞀
耀,燿
癯,臒
鼹,鼴
齄,齇
专,專
丛,叢
丝,絲
严,嚴
丧,喪
临,臨
为,為
举,舉
乌,烏
乐,樂
习,習
乡,鄉
书,書
买,買
产,產
亩,畝
亵,褻
亸,嚲
仑,侖
仓,倉
们,們
伞,傘
伟,偉
传,傳
伤,傷
伥,倀
伦,倫
伧,傖
伪,偽
伫,佇
佥,僉
侥,僥
侦,偵
侧,側
侩,儈
侪,儕
侬,儂
俦,儔
俨,儼
俪,儷
俭,儉
债,債
倾,傾
偾,僨
偿,償
傥,儻
傧,儐
储,儲
傩,儺
兰,蘭
养,養
兽,獸
冁,囅
军,軍
冯,馮
冻,凍
凫,鳧
凯,凱
击,擊
凿,鑿
刍,芻
则,則
刚,剛
创,創
刬,剗
刭,剄
刿,劌
剀,剴
剂,劑
剐,剮
剑,劍
劢,勱
劲,勁
勋,勳
勚,勩
匦,匭
匮,匱
卖,賣
卢,盧
卫,衛
厅,廳
厌,厭
厍,厙
厕,廁
厣,厴
县,縣
叆,靉
叇,靆
吗,嗎
呒,嘸
呓,囈
呕,嘔
呖,嚦
呗,唄
员,員
呙,咼
呛,嗆
呜,嗚
咙,嚨
咛,嚀
咝,噝
哑,啞
哒,噠
哓,嘵
哔,嗶
哕,噦
哗,嘩
哙,噲
哜,嚌
哝,噥
哟,喲
唝,嗊
唢,嗩
唤,喚
啧,嘖
啬,嗇
啭,囀
啮,齧
啰,囉
啴,嘽
啸,嘯
喷,噴
喽,嘍
喾,嚳
嗫,囁
嗳,噯
嘤,嚶
噜,嚕
嚣,囂
围,圍
囵,圇
图,圖
圆,圓
圹,壙
场,場
坚,堅
坜,壢
坝,壩
坞,塢
坠,墜
垄,壟
垅,壟
垆,壚
垭,埡
垯,墶
垱,壋
垲,塏
埘,塒
埙,塤
埚,堝
堑,塹
堕,墮
塆,壪
壶,壺
壸,壼
夹,夾
夺,奪
奁,匲
奂,奐
奖,獎
妇,婦
妈,媽
妩,嫵
妪,嫗
妫,媯
娅,婭
娆,嬈
娇,嬌
娈,孌
娲,媧
娴,嫻
婴,嬰
婶,嬸
嫒,嬡
嫔,嬪
嫱,嬙
孙,孫
宠,寵
审,審
宽,寬
寻,尋
导,導
尝,嘗
尧,堯
尴,尲
尴,尷
层,層
屃,屭
屦,屨
屿,嶼
岂,豈
岖,嶇
岘,峴
岛,島
岽,崠
岿,巋
峃,嶨
峄,嶧
峣,嶢
峤,嶠
崂,嶗
崃,崍
崄,嶮
崭,嶄
嵘,嶸
嵚,嶔
嵝,嶁
巅,巔
巯,巰
帅,帥
帏,幃
帐,帳
帜,幟
带,帶
帧,幀
帱,幬
帻,幘
帼,幗
庑,廡
库,庫
应,應
庞,龐
废,廢
庼,廎
张,張
弪,弳
彟,彠
徕,徠
忆,憶
态,態
怂,慫
怃,憮
怄,慪
怅,悵
怆,愴
怼,懟
怿,懌
恶,惡
恸,慟
恹,懨
恺,愷
恻,惻
恽,惲
悫,愨
悬,懸
悭,慳
悯,憫
惫,憊
惬,愜
惭,慚
惯,慣
愤,憤
愦,憒
慑,懾
懑,懣
懒,嬾
懒,懶
懔,懍
戆,戇
戋,戔
戗,戧
扩,擴
扪,捫
扫,掃
扬,揚
抟,摶
抠,摳
抡,掄
抢,搶
拢,攏
拣,揀
拦,攔
拧,擰
拨,撥
择,擇
挚,摯
挜,掗
挝,撾
挞,撻
挠,撓
挢,撟
挤,擠
挥,揮
挦,撏
捞,撈
损,損
捡,撿
换,換
捣,搗
掳,擄
掴,摑
掷,擲
掸,撣
掼,摜
揽,攬
揿,撳
搀,攙
搁,擱
搂,摟
搅,攪
摄,攝
摅,攄
摈,擯
摊,攤
撄,攖
撵,攆
撷,擷
撸,擼
撺,攛
擞,擻
攒,儹
敛,斂
斓,斕
斩,斬
旷,曠
旸,暘
昽,曨
显,顯
晔,曄
晕,暈
晖,暉
暂,暫
暧,曖
权,權
杨,楊
杩,榪
枥,櫪
枧,梘
枨,棖
枪,槍
枫,楓
枭,梟
柽,檉
标,標
栈,棧
栉,櫛
栊,櫳
栋,棟
栌,櫨
栎,櫟
栏,欄
桠,椏
桡,橈
桢,楨
档,檔
桤,榿
桦,樺
桧,檜
桨,槳
桩,樁
梼,檮
梾,棶
检,檢
棂,欞
椟,匵
椠,槧
椤,欏
椭,橢
榄,欖
榇,櫬
榈,櫚
榉,櫸
槚,檟
槛,檻
槟,檳
槠,櫧
樯,檣
樱,櫻
橹,櫓
橼,櫞
檩,檁
歼,殲
殇,殤
殒,殞
殓,殮
殚,殫
毂,轂
毕,畢
毙,斃
氇,氌
氢,氫
氩,氬
汇,匯
汤,湯
沤,漚
沥,瀝
沦,淪
沧,滄
沨,渢
沩,溈
泶,澩
泷,瀧
泸,瀘
泺,濼
泻,瀉
泼,潑
泽,澤
泾,涇
浆,漿
浇,澆
浈,湞
浉,溮
浊,濁
测,測
浍,澮
浏,瀏
浐,滻
浑,渾
浒,滸
浓,濃
浔,潯
浕,濜
涝,澇
涞,淶
涟,漣
涠,潿
涡,渦
涢,溳
涣,渙
润,潤
涧,澗
涨,漲
涩,澀
渍,漬
渎,凟
渐,漸
渑,澠
渔,漁
渖,瀋
湿,濕
溃,潰
溅,濺
溇,漊
滞,滯
滟,灩
滠,灄
满,滿
滤,濾
滥,濫
滪,澦
潇,瀟
潋,瀲
潍,濰
澜,瀾
濑,瀨
濒,瀕
灏,灝
灭,滅
炀,煬
炜,煒
炝,熗
烁,爍
烂,爛
烃,烴
烦,煩
烧,燒
烨,燁
烩,燴
烫,燙
烬,燼
热,熱
焕,煥
焖,燜
焘,燾
爱,愛
爷,爺
牍,牘
牵,牽
犊,犢
犷,獷
犸,獁
狈,狽
狞,獰
狮,獅
狯,獪
狰,猙
狱,獄
狲,猻
猃,獫
猡,玀
獭,獺
玙,璵
玚,瑒
玛,瑪
玮,瑋
现,現
玱,瑲
珑,瓏
珰,璫
珲,琿
琎,璡
琏,璉
琐,瑣
瑷,璦
璎,瓔
瓒,瓚
畅,暢
畴,疇
疖,癤
疗,療
疟,瘧
疠,癘
疡,瘍
疬,鬁
疮,瘡
疯,瘋
痉,痙
痖,瘂
痨,癆
痪,瘓
痫,癇
瘅,癉
瘆,瘮
瘗,瘞
瘘,瘺
瘪,癟
瘫,癱
瘾,癮
瘿,癭
癞,癩
癣,癬
癫,癲
皑,皚
皱,皺
皲,皸
盏,盞
盐,鹽
监,監
眍,瞘
眬,矓
睐,睞
睑,瞼
瞆,瞶
瞒,瞞
矫,矯
矿,礦
砀,碭
码,碼
砖,塼
砗,硨
砚,硯
砺,礪
砻,礱
砾,礫
础,礎
硁,硜
硕,碩
硖,硤
硗,墝
硙,磑
硚,礄
硷,鹼
碛,磧
磙,滾
祎,禕
祯,禎
祸,禍
禅,禪
积,積
秽,穢
秾,穠
稣,穌
穑,穡
穷,窮
窍,竅
窜,竄
窝,窩
窥,窺
窦,竇
窭,窶
竖,豎
竞,競
笃,篤
笕,筧
笺,牋
笼,籠
笾,籩
筚,篳
筛,篩
筜,簹
筝,箏
签,簽
简,簡
箦,簀
箧,篋
箨,籜
箩,籮
箪,簞
箫,簫
篑,簣
篓,簍
篮,籃
簖,籪
籁,籟
粪,糞
紧,緊
絷,縶
纠,糾
纡,紆
红,紅
纣,紂
纥,紇
约,約
级,級
纨,紈
纩,纊
纪,紀
纫,紉
纭,紜
纮,紘
纯,純
纰,紕
纱,紗
纲,綱
纳,納
纴,紝
纵,縱
纶,綸
纷,紛
纸,紙
纹,紋
纻,紵
纼,紖
纽,紐
纾,紓
线,線
绀,紺
绁,紲
绂,紱
练,練
组,組
绅,紳
细,細
终,終
绉,縐
绊,絆
绋,紼
绌,絀
绍,紹
绎,繹
绐,紿
绑,綁
绒,毧
结,結
绔,絝
绕,繞
绖,絰
绗,絎
绘,繪
给,給
绚,絢
绛,絳
络,絡
绝,絕
绞,絞
绠,綆
绡,綃
绢,絹
绣,綉
绤,綌
绥,綏
绦,絛
继,繼
绨,綈
绩,勣
绩,績
绪,緒
绫,綾
绬,緓
续,續
绮,綺
绯,緋
绰,綽
绱,緔
绲,緄
绳,繩
维,維
绵,綿
绶,綬
绷,綳
绸,綢
绹,綯
绺,綹
绻,綣
综,綜
绽,綻
绾,綰
绿,綠
缀,綴
缁,緇
缂,緙
缃,緗
缄,緘
缅,緬
缇,緹
缈,緲
缉,緝
缊,緼
缋,繢
缌,緦
缍,綞
缎,緞
缏,緶
缐,線
缑,緱
缒,縋
缓,緩
缔,締
缕,縷
编,編
缗,緍
缘,緣
缙,縉
缚,縛
缛,縟
缜,縝
缝,縫
缞,縗
缟,縞
缠,纏
缡,縭
缢,縊
缣,縑
缤,繽
缥,縹
缦,縵
缧,縲
缨,纓
缩,縮
缪,繆
缫,繅
缬,纈
缭,繚
缮,繕
缯,繒
缰,繮
缱,繾
缲,繰
缳,繯
缴,繳
缵,纘
罂,甖
罚,罰
罴,羆
羁,羈
羟,羥
翘,翹
翙,翽
翚,翬
耢,耮
耧,耬
聂,聶
聋,聾
职,職
聍,聹
聩,聵
肃,肅
肠,腸
肾,腎
肿,腫
胀,脹
胁,脅
胧,朧
胨,腖
胪,臚
胫,脛
脍,膾
脏,髒
脐,臍
脑,腦
脓,膿
脶,腡
脸,臉
腻,膩
腾,騰
膑,臏
臜,臢
舆,輿
舣,艤
舰,艦
舱,艙
舻,艫
艰,艱
节,節
芈,羋
芗,薌
苇,葦
苈,藶
苋,莧
苌,萇
苍,蒼
苎,苧
茏,蘢
茑,蔦
茔,塋
茕,煢
荙,薘
荚,莢
荛,蕘
荜,蓽
荞,蕎
荟,薈
荠,薺
荡,盪
荡,蕩
荤,葷
荥,滎
荧,熒
荨,蕁
荩,藎
荪,蓀
荫,廕
荬,蕒
荭,葒
荮,葤
莱,萊
莲,蓮
莳,蒔
莴,萵
莶,薟
莸,蕕
莺,鶯
莼,蓴
萚,蘀
萝,蘿
营,營
萧,蕭
萨,薩
蒇,蕆
蒉,蕢
蒋,蔣
蒌,蔞
蓝,藍
蓟,薊
蓠,蘺
蓣,蕷
蓦,驀
蔷,薔
蔹,蘞
蔺,藺
蔼,藹
蕲,蘄
蕴,蘊
薮,藪
藓,蘚
虏,虜
虿,蠆
蚀,蝕
蚁,蟻
蚂,螞
蚬,蜆
蛎,蠣
蛰,蟄
蛱,蛺
蛲,蟯
蛳,螄
蛴,蠐
蜗,蝸
蝈,蟈
蝉,蟬
蝾,蠑
螀,螿
螨,蟎
蟏,蠨
衔,啣
衔,銜
衬,襯
袅,嫋
袆,褘
袭,襲
袯,襏
裆,襠
裈,褌
裢,褳
裣,襝
裤,褲
裥,襇
褴,襤
襕,幱
观,觀
觃,覎
规,規
觅,覓
觇,覘
览,覽
觉,覺
觊,覬
觋,覡
觌,覿
觍,覥
觎,覦
觏,覯
觐,覲
觑,覰
觞,觴
觯,觶
詟,讋
誉,譽
誊,謄
计,計
订,訂
讣,訃
认,認
讥,譏
讦,訐
讧,訌
讨,討
让,讓
讪,訕
讫,訖
训,訓
议,議
讯,訊
记,記
讱,訒
讲,講
讳,諱
讴,謳
讵,詎
讶,訝
讷,訥
许,許
讹,訛
论,論
讻,訩
讼,訟
讽,諷
访,訪
诀,訣
证,証
诂,詁
诃,訶
评,評
诅,詛
识,識
诇,詗
诈,詐
诉,訴
诊,診
诋,詆
诌,謅
词,詞
诎,詘
诏,詔
诐,詖
译,譯
诒,詒
诓,誆
诔,誄
试,試
诖,詿
诗,詩
诘,詰
诙,詼
诚,誠
诛,誅
诜,詵
话,話
诞,誕
诟,詬
诠,詮
诡,詭
诣,詣
诤,諍
该,該
详,詳
诧,詫
诨,諢
诩,詡
诪,譸
诫,誡
诬,誣
语,語
诮,誚
误,誤
诰,誥
诱,誘
诲,誨
诳,誑
说,說
诵,誦
诶,誒
请,請
诸,諸
诹,諏
诺,諾
读,讀
诼,諑
诽,誹
课,課
诿,諉
谀,諛
谁,誰
谂,諗
调,調
谄,諂
谅,諒
谆,諄
谇,誶
谈,談
谊,誼
谋,謀
谌,訦
谍,諜
谎,謊
谏,諫
谐,諧
谑,謔
谒,謁
谓,謂
谔,諤
谕,諭
谖,諼
谗,讒
谘,諮
谙,諳
谚,諺
谛,諦
谜,謎
谝,諞
谞,諝
谟,謨
谠,讜
谡,謖
谢,謝
谣,謠
谤,謗
谥,諡
谦,謙
谧,謐
谨,謹
谩,謾
谪,謫
谫,譾
谬,謬
谭,譚
谮,譖
谯,譙
谰,讕
谱,譜
谲,譎
谳,讞
谴,譴
谵,譫
谶,讖
豮,豶
贞,貞
负,負
贠,貟
贡,貢
财,財
责,責
贤,賢
败,敗
账,賬
货,貨
质,質
贩,販
贪,貪
贫,貧
贬,貶
购,購
贮,貯
贯,貫
贰,貳
贱,賤
贲,賁
贳,貰
贴,貼
贵,貴
贶,貺
贷,貸
贸,貿
费,費
贺,賀
贻,貽
贼,賊
贽,贄
贾,賈
贿,賄
赀,貲
赁,賃
赂,賂
赃,賍
资,資
赅,賅
赆,賮
赇,賕
赈,賑
赉,賚
赊,賒
赋,賦
赌,賭
赍,賫
赎,贖
赏,賞
赐,賜
赑,贔
赒,賙
赓,賡
赔,賠
赕,賧
赖,賴
赗,賵
赘,贅
赙,賻
赚,賺
赛,賽
赜,賾
赝,贋
赞,讚
赟,贇
赠,贈
赡,贍
赢,贏
赣,贛
赪,赬
赵,趙
趱,趲
趸,躉
跄,蹌
跞,躒
践,踐
跶,躂
跷,蹺
跸,蹕
跹,躚
跻,躋
踌,躊
踬,躓
踯,躑
蹒,蹣
蹿,躥
躏,躪
躜,躦
轨,軌
轩,軒
轪,軑
轫,軔
转,轉
轭,軛
软,軟
轰,轟
轱,軲
轲,軻
轳,轤
轴,軸
轵,軹
轶,軼
轷,軤
轸,軫
轹,轢
轺,軺
轻,輕
轼,軾
载,載
轾,輊
轿,轎
辀,輈
辁,輇
辂,輅
较,較
辄,輒
辅,輔
辆,輛
辇,輦
辈,輩
辉,煇
辊,輥
辋,輞
辌,輬
辍,輟
辎,輜
辏,輳
辐,輻
辑,輯
辒,輼
辔,轡
辕,轅
辖,轄
辗,輾
辘,轆
辙,轍
辚,轔
辩,辯
辫,辮
辽,遼
进,進
违,違
连,連
迳,逕
逊,遜
逦,邐
遗,遺
遥,遙
邝,鄺
邬,鄔
邺,鄴
郏,郟
郐,鄶
郑,鄭
郓,鄆
郦,酈
郧,鄖
郸,鄲
酝,醞
酦,醱
酱,醬
酽,釅
酾,釃
酿,釀
释,釋
鉴,鑒
錾,鏨
钆,釓
钇,釔
针,針
钉,釘
钊,釗
钋,釙
钌,釕
钍,釷
钎,釺
钏,釧
钐,釤
钑,鈒
钒,釩
钓,釣
钔,鍆
钕,釹
钖,鍚
钗,釵
钘,鈃
钙,鈣
钚,鈈
钛,鈦
钝,鈍
钞,鈔
钠,鈉
钡,鋇
钣,鈑
钤,鈐
钥,籥
钦,欽
钧,鈞
钨,鎢
钩,鈎
钪,鈧
钫,鈁
钬,鈥
钭,鈄
钮,鈕
钯,鈀
钰,鈺
钱,錢
钲,鉦
钳,鉗
钴,鈷
钵,缽
钶,鈳
钷,鉕
钸,鈽
钹,鈸
钺,鉞
钻,鉆
钻,鑽
钼,鉬
钽,鉭
钾,鉀
钿,鈿
铀,鈾
铂,鉑
铄,鑠
铅,鉛
铆,鉚
铈,鈰
铉,鉉
铊,鉈
铋,鉍
铌,鈮
铍,鈹
铎,鐸
铏,鉶
铐,銬
铑,銠
铒,鉺
铓,鋩
铔,錏
铕,銪
铖,鋮
铗,鋏
铘,鋣
铙,鐃
铚,銍
铛,鐺
铝,鋁
铞,銱
铟,銦
铠,鎧
铡,鍘
铢,銖
铣,銑
铤,鋌
铥,銩
铦,銛
铧,鏵
铨,銓
铩,鎩
铪,鉿
铫,銚
铬,鉻
铭,銘
铮,錚
铯,銫
铰,鉸
铱,銥
铲,剷
铳,銃
铴,鐋
铵,銨
铷,銣
铸,鑄
铹,鐒
铺,舖
铻,鋙
铼,錸
铽,鋱
链,鏈
铿,鏗
销,銷
锁,鎖
锂,鋰
锃,鋥
锄,耡
锅,鍋
锆,鋯
锇,鋨
锈,銹
锉,銼
锊,鋝
锋,鋒
锌,鋅
锍,鋶
锎,鉲
锏,鐧
锐,銳
锑,銻
锒,鋃
锓,鋟
锔,鋦
锕,錒
锖,錆
锗,鍺
锘,鍩
错,錯
锚,錨
锛,錛
锜,錡
锝,鍀
锞,錁
锟,錕
锠,錩
锡,錫
锢,錮
锣,鑼
锤,錘
锥,錐
锦,錦
锧,鑕
锨,鍁
锩,錈
锪,鍃
锫,錇
锬,錟
键,鍵
锯,鋸
锰,錳
锱,錙
锲,鍥
锳,鍈
锴,鍇
锵,鏘
锶,鍶
锷,鍔
锸,鍤
锹,鍫
锺,鍾
锻,鍛
锼,鎪
锽,鍠
锾,鍰
锿,鎄
镀,鍍
镁,鎂
镂,鏤
镃,鎡
镄,鐨
镅,鋂
镆,鏌
镈,鎛
镉,鎘
镊,鑷
镋,鎲
镌,鎸
镍,鎳
镎,錼
镏,鎦
镐,鎬
镑,鎊
镒,鎰
镓,鎵
镔,鑌
镕,鎔
镖,鏢
镗,鏜
镘,鏝
镙,鏍
镚,鏰
镛,鏞
镜,鏡
镝,鏑
镞,鏃
镠,鏐
镡,鐔
镢,鐝
镣,鐐
镤,鏷
镥,鑥
镦,鐓
镧,鑭
镨,鐠
镩,鑹
镪,鏹
镫,鐙
镬,鑊
镭,鐳
镮,鐶
镯,鋜
镯,鐲
镰,鐮
镱,鐿
镲,鑔
镳,鑣
镴,鑞
镵,鑱
镶,鑲
闩,閂
闪,閃
闫,閆
闬,閈
闭,閉
问,問
闯,闖
闰,閏
闱,闈
闲,閑
闲,閒
闳,閎
闵,閔
闶,閌
闷,悶
闸,牐
闹,閙
闺,閨
闻,聞
闼,闥
闽,閩
闾,閭
闿,闓
阀,閥
阁,閣
阂,閡
阃,閫
阄,鬮
阅,閱
阆,閬
阇,闍
阈,閾
阉,閹
阊,閶
阋,鬩
阌,閿
阍,閽
阎,閻
阏,閼
阐,闡
阑,闌
阒,闃
阓,闠
阔,濶
阔,闊
阕,闋
阖,闔
阗,闐
阘,闒
阙,闕
阚,闞
阛,闤
队,隊
阵,陣
阶,階
陆,陸
陇,隴
陈,陳
陉,陘
陧,隉
陨,隕
隐,隱
雠,讎
雳,靂
雾,霧
霁,霽
霭,靄
靓,靚
靥,靨
鞑,韃
鞒,鞽
鞯,韉
韧,靭
韨,韍
韩,韓
韪,韙
韫,韞
韬,韜
顶,頂
顷,頃
顸,頇
项,項
顺,順
须,須
顼,頊
顽,頑
顾,顧
顿,頓
颀,頎
颁,頒
颂,頌
颃,頏
预,預
颅,顱
领,領
颇,頗
颈,頸
颉,頡
颊,頰
颋,頲
颌,頜
颍,潁
颎,熲
颏,頦
颐,頤
频,頻
颒,頮
颓,穨
颔,頷
颕,頴
颖,穎
颗,顆
题,題
颙,顒
颚,顎
颛,顓
颜,顏
额,額
颞,顳
颟,顢
颠,顛
颡,顙
颢,顥
颣,纇
颤,顫
颥,顬
颦,顰
颧,顴
飏,颺
飐,颭
飑,颮
飒,颯
飓,颶
飔,颸
飕,颼
飖,颻
飗,飀
飘,飃
飘,飄
飙,飆
飚,飆
飨,饗
餍,饜
饤,飣
饥,飢
饦,飥
饧,餳
饨,飩
饩,餼
饪,飪
饫,飫
饬,飭
饭,飯
饮,飲
饯,餞
饰,飾
饱,飽
饲,飼
饳,飿
饴,飴
饵,餌
饶,饒
饷,餉
饸,餄
饹,餎
饺,餃
饻,餏
饼,餅
饽,餑
饾,餖
饿,餓
馀,餘
馁,餒
馂,餕
馃,餜
馄,餛
馅,餡
馆,舘
馇,餷
馈,餽
馉,餶
馊,餿
馋,饞
馌,饁
馍,饃
馎,餺
馏,餾
馐,饈
馑,饉
馒,饅
馓,饊
馔,饌
馕,饢
驭,馭
驮,馱
驯,馴
驰,馳
驱,驅
驲,馹
驳,駁
驴,驢
驵,駔
驶,駛
驷,駟
驸,駙
驹,駒
驺,騶
驻,駐
驼,駝
驽,駑
驾,駕
驿,驛
骀,駘
骁,驍
骂,罵
骃,駰
骄,驕
骅,驊
骆,駱
骇,駭
骈,駢
骉,驫
骊,驪
骋,騁
验,驗
骍,騂
骎,駸
骐,騏
骑,騎
骒,騍
骓,騅
骔,騌
骕,驌
骖,驂
骗,騙
骘,騭
骙,騤
骚,騷
骛,騖
骜,驁
骝,騮
骞,騫
骟,騸
骠,驃
骡,騾
骢,驄
骣,驏
骤,驟
骥,驥
骦,驦
骧,驤
髅,髏
髋,髖
髌,髕
鬓,髩
魇,魘
鱽,魛
鱾,魢
鱿,魷
鲀,魨
鲁,魯
鲂,魴
鲄,魺
鲅,鮁
鲆,鮃
鲇,鮎
鲈,鱸
鲉,鮋
鲊,鮓
鲋,鮒
鲌,鮊
鲍,鮑
鲎,鱟
鲏,鮍
鲐,鮐
鲑,鮭
鲒,鮚
鲓,鮳
鲔,鮪
鲕,鮞
鲖,鮦
鲗,鰂
鲘,鮜
鲙,鱠
鲚,鱭
鲛,鮫
鲜,鮮
鲝,鮺
鲞,鯗
鲟,鱘
鲠,骾
鲡,鱺
鲢,鰱
鲣,鰹
鲤,鯉
鲥,鰣
鲦,鰷
鲧,鮌
鲨,鯊
鲩,鯇
鲪,鮶
鲫,鯽
鲬,鯒
鲭,鯖
鲮,鯪
鲯,鯕
鲰,鯫
鲱,鯡
鲲,鯤
鲳,鯧
鲴,鯝
鲵,鯢
鲶,鯰
鲷,鯛
鲸,鯨
鲹,鯵
鲺,鯴
鲻,鯔
鲼,鱝
鲽,鰈
鲾,鰏
鲿,鱨
鳀,鮷
鳁,鰛
鳂,鰃
鳃,鰓
鳄,鰐
鳅,鰌
鳆,鰒
鳇,鰉
鳈,鰁
鳉,鱂
鳊,鯿
鳋,鰠
鳌,鰲
鳍,鰭
鳎,鰨
鳏,鰥
鳐,鰩
鳑,鰟
鳒,鰜
鳓,鰳
鳔,鰾
鳕,鱈
鳖,鱉
鳗,鰻
鳘,鰵
鳙,鱅
鳛,鰼
鳜,鱖
鳝,鱓
鳞,鱗
鳟,鱒
鳠,鱯
鳡,鱤
鳢,鱧
鳣,鱣
鸠,鳩
鸡,雞
鸢,鳶
鸣,鳴
鸤,鳲
鸥,鷗
鸦,鴉
鸧,鶬
鸨,鴇
鸩,鴆
鸪,鴣
鸫,鶇
鸬,鸕
鸭,鴨
鸮,鴞
鸯,鴦
鸰,鴒
鸱,鴟
鸲,鴝
鸳,鴛
鸴,鴬
鸵,鴕
鸶,鷥
鸷,鷙
鸸,鴯
鸹,鴰
鸺,鵂
鸻,鴴
鸼,鵃
鸽,鴿
鸾,鸞
鸿,鴻
鹀,鵐
鹁,鵓
鹂,鸝
鹃,鵑
鹄,鵠
鹅,鵝
鹆,鵒
鹇,鷳
鹈,鵜
鹉,鵡
鹊,鵲
鹋,鶓
鹌,鵪
鹍,鵾
鹎,鵯
鹏,鵬
鹐,鵮
鹑,鶉
鹒,鶊
鹓,鵷
鹔,鷫
鹕,鶘
鹖,鶡
鹗,鶚
鹘,鶻
鹙,鶖
鹚,鶿
鹛,鶥
鹜,鶩
鹝,鷊
鹞,鷂
鹟,鶲
鹠,鶹
鹡,鶺
鹢,鷁
鹣,鶼
鹤,鶴
鹥,鷖
鹦,鸚
鹧,鷓
鹨,鷚
鹩,鷯
鹪,鷦
鹫,鷲
鹬,鷸
鹭,鷺
鹯,鸇
鹰,鷹
鹱,鸌
鹲,鸏
鹳,鸛
鹴,鸘
鹾,鹺
麸,麩
黉,黌
黡,黶
黩,黷
黪,黲
鼋,黿
鼌,鼂
鼍,鼉
齑,齏
龀,齔
龁,齕
龂,齗
龃,齟
龄,齡
龅,齙
龆,齠
龇,齜
龈,齦
龉,齬
龊,齪
龋,齲
龌,齷
龚,龔
龛,龕